{
    "features": {
        "Rotational_speed": {
            "min": -1.0088557826198534,
            "max": 3.971724443754261
        },
        "Torque": {
            "min": -2.764757033019834,
            "max": 1.8969091838900076
        },
        "Tool_wear": {
            "min": -2.055935480238638,
            "max": 1.4775542661449867
        },
        "Type_encoded": {
            "min": 0.0,
            "max": 2.0
        },
        "Temperature_difference": {
            "min": -1.9514935665412467,
            "max": 2.378067843896492
        },
        "Power": {
            "min": -3.372791222784325,
            "max": 2.023985367496941
        },
        "Wear_degree": {
            "min": -1.722353720088594,
            "max": 2.3832159741901044
        }
    }
}