{"mean": [1539.4171322160148, 106.99068901303538, 9.995802893568259, 6274.400660785942, 4265.102062741727], "scale": [181.62679351639287, 63.69329441505627, 1.0012488280627914, 1066.9128034882783, 2814.067806957731]}